product_name,brand_name,ingredients 
MOCHI ICE CREAM BONBONS,"G. T. Japan, Inc.","ICE CREAM INGREDIENTS: MILK, CREAM, SUGAR, STRAWBERRIES (STRAWBERRIES, SUGAR), CORN SYRUP SOLIDS, SKIM MILK, WHEY, NATURAL FLAVOR, GUAR GUM, MONO & DIGLYCERIDES, BEET JUICE AND BEET POWDER (FOR COLOR), CELLULOSE GUM, LOCUST BEAN GUM, CARRAGEENAN. COATING INGREDIENTS: SUGAR, WATER, RICE FLOUR, TREHALOSE, EGG WHITES, BEET JUICE AND BEET POWDER (FOR COLOR), DUSTED WITH CORN & POTATO STARCH"
CHIPOTLE BARBECUE SAUCE,FRESH & EASY,"WATER, SUGAR, TOMATO PASTE, MOLASSES, DISTILLED VINEGAR, CONTAINS 2% OR LESS OF: CORN STARCH, SALT, DRIED CHIPOTLE PEPPER, NATURAL SMOKE FLAVOR, MUSTARD FLOUR, DRIED GARLIC, DRIED ONION, SPICES."
HOT & SPICY BARBECUE SAUCE,FRESH & EASY,"SUGAR, WATER, DISTILLED VINEGAR, TOMATO PASTE, MOLASSES, MODIFIED CORN STARCH, SALT, PINEAPPLE JUICE CONCENTRATE, CONTAINS 1% OR LESS OF: JALAPENO PEPPERS, SPICE, CARAMEL COLOR, NATURAL FLAVOR, XANTHAN GUM, GARLIC POWDER, TAMARIND EXTRACT."
BARBECUE SAUCE,FRESH & EASY,"TOMATO PUREE (WATER, TOMATO PASTE), SUGAR, DISTILLED VINEGAR, MOLASSES, WATER, MODIFIED CORN STARCH, SALT, BOURBON WHISKEY, CONTAINS 1% OR LESS OF: MUSTARD FLOUR, SPICE, DRIED ONION, DRIED GARLIC, NATURAL FLAVOR, XANTHAN GUM, CARAMEL COLOR."
BARBECUE SAUCE,FRESH & EASY,"SUGAR, DISTILLED VINEGAR, WATER, TOMATO PASTE, HONEY, MOLASSES, MODIFIED CORN STARCH, SALT, CONTAINS 1% OR LESS OF: NATURAL FLAVOR, PINEAPPLE JUICE CONCENTRATE, SPICE, CARAMEL COLOR, XANTHAN GUM, GARLIC POWDER, TAMARIND EXTRACT."
ORIGINAL BARBECUE SAUCE,FRESH & EASY,"SUGAR, DISTILLED VINEGAR, WATER, TOMATO PASTE, MODIFIED CORN STARCH, MOLASSES, SALT, PINEAPPLE JUICE CONCENTRATE, CONTAINS 1% OR LESS OF: NATURAL FLAVOR, SPICE, CARAMEL COLOR, XANTHAN GUM, GARLIC POWDER, TAMARIND EXTRACT."
CLASSIC BARBECUE SAUCE,FRESH & EASY,"SUGAR, DISTILLED VINEGAR, WATER, TOMATO PUREE (WATER, TOMATO PASTE), MOLASSES, SALT, MODIFIED CORN STARCH, CONTAINS LESS THAN 1% OF: MUSTARD FLOUR, SPICE, CELERY SEED, NATURAL FLAVOR, XANTHAN GUM, PAPRIKA (FOR COLOR), CARAMEL COLOR."
HICKORY BARBECUE SAUCE,FRESH & EASY,"WATER, SUGAR, TOMATO PASTE, MOLASSES, DISTILLED VINEGAR, SALT, MODIFIED CORN STARCH, CONTAINS 1% OR LESS OF: NATURAL FLAVOR, MUSTARD FLOUR, SPICE, ONION POWDER, CARAMEL COLOR, XANTHAN GUM, GARLIC POWDER, OLEORESIN PAPRIKA."
STEAK SAUCE,FRESH & EASY,"TOMATO PUREE, ONION PUREE, SUGAR, MOLASSES, DISTILLED VINEGAR, HORSERADISH, SALT, SOYBEAN OIL, ORANGE JUICE CONCENTRATE, LEMON JUICE CONCENTRATE, ANCHOVY PASTE (ANCHOVY, OLIVE OIL, ACETIC ACID), ROASTED GARLIC PUREE (GARLIC, WATER, NATURAL FLAVOR, CITRIC ACID), NATURAL FLAVOR, JALAPENO PUREE (JALAPENO CHILE, DISTILLED VINEGAR, SALT), SOY SAUCE (WATER, WHEAT, SOYBEAN, SALT), CHILI POWDER, MUSTARD FLOUR, XANTHAN GUM, BLACK PEPPER, CARAMEL COLORING, CLOVE POWDER."
